{"chunk_definitions":[{"row":11,"row_count":1,"visible":true,"expansion_state":0,"options":{"engine":"r","label":"setup","include":false},"document_id":"37210D67","chunk_id":"csetup_chunk","chunk_label":"setup"},{"row":30,"row_count":1,"visible":true,"expansion_state":0,"options":{"engine":"r","label":"load_packages","include":false},"document_id":"37210D67","chunk_id":"cmkovrr3omlzx","chunk_label":"load_packages"},{"row":34,"row_count":1,"visible":true,"expansion_state":0,"options":{"engine":"r","label":"source_themes","include":false},"document_id":"37210D67","chunk_id":"cra0907kvxu9g","chunk_label":"source_themes"},{"row":43,"row_count":1,"visible":true,"expansion_state":0,"options":{"engine":"r","label":"count","include":false},"document_id":"37210D67","chunk_id":"cic62t9c7lstx","chunk_label":"count"},{"row":189,"row_count":1,"visible":true,"expansion_state":0,"options":{"engine":"r","label":"QAQC_stats","include":false},"document_id":"37210D67","chunk_id":"c689eduldlwdo","chunk_label":"QAQC_stats"},{"row":219,"row_count":1,"visible":true,"expansion_state":0,"options":{"engine":"r","label":"lod_plot","echo":false,"warning":false,"message":false,"out.width":"50%","out.extra":"style=\"float:right; padding:20px\"","fig.cap":"Limits of detection"},"document_id":"37210D67","chunk_id":"caft67omswdha","chunk_label":"lod_plot"},{"row":271,"row_count":1,"visible":true,"expansion_state":0,"options":{"engine":"r","label":"dup_plot, figures-side","fig.show":"hold","out.width":"50%","echo":false,"warning":false,"message":false},"document_id":"37210D67","chunk_id":"c2sdxiw6w96xu","chunk_label":"dup_plot"},{"row":332,"row_count":1,"visible":true,"expansion_state":0,"options":{"engine":"r","label":"blank_plots, figures-side","fig.show":"hold","out.width":"50%","echo":false,"warning":false,"message":false},"document_id":"37210D67","chunk_id":"cyh70azg6ggs8","chunk_label":"blank_plots"},{"row":375,"row_count":1,"visible":true,"expansion_state":0,"options":{"engine":"r","label":"blank_reruns","echo":false,"message":false,"warning":false},"document_id":"37210D67","chunk_id":"cw0bfkoe7w615","chunk_label":"blank_reruns"}],"doc_write_time":1696603577,"chunk_rendered_width":700}