{"chunk_definitions":[{"row":9,"row_count":1,"visible":true,"expansion_state":0,"options":{"engine":"r","label":"setup","include":false},"document_id":"935680A8","chunk_id":"csetup_chunk","chunk_label":"setup"},{"row":27,"row_count":1,"visible":true,"expansion_state":0,"options":{"engine":"r","label":"load_packages","include":false},"document_id":"935680A8","chunk_id":"ctdhfgb330kg8","chunk_label":"load_packages"},{"row":31,"row_count":1,"visible":true,"expansion_state":0,"options":{"engine":"r","label":"source_themes","include":false},"document_id":"935680A8","chunk_id":"cdhhmk6x61fnh","chunk_label":"source_themes"},{"row":40,"row_count":1,"visible":true,"expansion_state":0,"options":{"engine":"r","label":"count","include":false},"document_id":"37210D67","chunk_id":"cqrtk8cm1tkkw","chunk_label":"count"},{"row":158,"row_count":1,"visible":true,"expansion_state":0,"options":{"engine":"r","label":"QAQC","include":false},"document_id":"935680A8","chunk_id":"cvu6wndlkdtnq","chunk_label":"QAQC"},{"row":232,"row_count":1,"visible":true,"expansion_state":0,"options":{"engine":"r","label":"lmfigures","echo":false,"warning":false,"message":false},"document_id":"935680A8","chunk_id":"c0e0q9l6mltw9","chunk_label":"lmfigures"},{"row":242,"row_count":1,"visible":true,"expansion_state":0,"options":{"engine":"r","label":"statistics","include":false},"document_id":"37210D67","chunk_id":"c52yt1r3ks1zo","chunk_label":"statistics"}],"doc_write_time":1695230084,"working_dir":null,"default_chunk_options":{"echo":true},"chunk_rendered_width":700}