"0",""
"0","lod_long <- qc_data %>% "
"0","  rename(MPAES = mp_lod) %>% "
"0","  rename(UW_AAS = uw_lod) %>% "
"0","  pivot_longer(-anal_date, names_to='method', values_to=""lod"")"
"0",""
"0","lod_plot <- lod_long %>% "
"0","  "
"0","  ggplot(aes(method, lod)) +"
"0","  geom_boxplot() +"
"0","  ggtitle(""Limits of Detection"") +"
"0","  theme(plot.title = element_text(size = 12, hjust = 0.5)) +"
"0","  xlab(""Method"") +"
"0","  ylab(""Limit of detection (µg/L)"") +"
"0","  theme_SH_pubs()"
"0",""
"0","print(lod_plot)"
