{"chunk_definitions":[{"row":19,"row_count":1,"visible":true,"expansion_state":0,"options":{"engine":"r","label":"setup","include":false},"document_id":"37210D67","chunk_id":"csetup_chunk","chunk_label":"setup"},{"row":38,"row_count":1,"visible":true,"expansion_state":0,"options":{"engine":"r","label":"load_packages","include":false},"document_id":"37210D67","chunk_id":"cmkovrr3omlzx","chunk_label":"load_packages"},{"row":42,"row_count":1,"visible":true,"expansion_state":0,"options":{"engine":"r","label":"source_themes","include":false},"document_id":"37210D67","chunk_id":"cra0907kvxu9g","chunk_label":"source_themes"},{"row":51,"row_count":1,"visible":true,"expansion_state":0,"options":{"engine":"r","label":"count","include":false},"document_id":"37210D67","chunk_id":"cic62t9c7lstx","chunk_label":"count"},{"row":210,"row_count":1,"visible":true,"expansion_state":0,"options":{"engine":"r","label":"QAQC_stats","include":false},"document_id":"37210D67","chunk_id":"c689eduldlwdo","chunk_label":"QAQC_stats"},{"row":233,"row_count":1,"visible":true,"expansion_state":0,"options":{"engine":"r","label":"lod_plot","echo":false,"warning":false,"message":false},"document_id":"37210D67","chunk_id":"caft67omswdha","chunk_label":"lod_plot"},{"row":277,"row_count":1,"visible":true,"expansion_state":0,"options":{"engine":"r","label":"dup_plot","echo":false,"warning":false,"message":false},"document_id":"6B217C95","chunk_id":"cd356qjuf7170","chunk_label":"dup_plot"}],"doc_write_time":1696962414,"chunk_rendered_width":700}