{"chunk_definitions":[{"row":12,"row_count":1,"visible":true,"expansion_state":0,"options":{"engine":"r","label":"setup","include":false},"document_id":"37210D67","chunk_id":"csetup_chunk","chunk_label":"setup"},{"row":31,"row_count":1,"visible":true,"expansion_state":0,"options":{"engine":"r","label":"load_packages","include":false},"document_id":"37210D67","chunk_id":"cmkovrr3omlzx","chunk_label":"load_packages"},{"row":35,"row_count":1,"visible":true,"expansion_state":0,"options":{"engine":"r","label":"source_themes","include":false},"document_id":"37210D67","chunk_id":"cra0907kvxu9g","chunk_label":"source_themes"},{"row":44,"row_count":1,"visible":true,"expansion_state":0,"options":{"engine":"r","label":"count","include":false},"document_id":"37210D67","chunk_id":"c0rt3wsajdwlp","chunk_label":"count"},{"row":172,"row_count":1,"visible":true,"expansion_state":0,"options":{"engine":"r","label":"QAQC_stats","include":false},"document_id":"37210D67","chunk_id":"c4ervthyh4d8z","chunk_label":"QAQC_stats"}],"doc_write_time":1696454750}